country,year,gdp_pc
Australia,1988,26702
Austria,1988,25112
Belgium,1988,25905
Bulgaria,1988,10098
Belarus,1988,11198
Canada,1988,30275
Switzerland,1988,32483
Czech Republic,1988,13791
Denmark,1988,29049
Spain,1988,17276
Estonia,1988,17661
Finland,1988,25644
France,1988,26763
United Kingdom,1988,25679
Greece,1988,15596
Hungary,1988,11207
Ireland,1988,16313
Iceland,1988,28934
Israel,1988,20256
Italy,1988,24743
Japan,1988,27393
Lithuania,1988,14851
Luxembourg,1988,33351
Latvia,1988,14875
Netherlands,1988,25574
Norway,1988,28786
New Zealand,1988,22022
Poland,1988,9228
Portugal,1988,15729
Slovakia,1988,12659
Slovenia,1988,20083
Sweden,1988,27468
United States,1988,35863
Germany,1988,25759
